{
    "0": {
        "loc": [
            323.79998779296875,
            4.980000019073486
        ],
        "stop_line_A": [
            325.41180419921875,
            0.3885624408721924
        ],
        "stop_line_B": [
            325.41009521484375,
            3.58856201171875
        ]
    },
    "1": {
        "loc": [
            102.11000061035156,
            -4.429990291595459
        ],
        "stop_line_A": [
            102.9286880493164,
            -0.4499506950378418
        ],
        "stop_line_B": [
            102.92765045166016,
            -3.6499505043029785
        ]
    },
    "2": {
        "loc": [
            95.04000091552734,
            12.560009956359863
        ],
        "stop_line_A": [
            90.77175903320312,
            11.550387382507324
        ],
        "stop_line_B": [
            93.97175598144531,
            11.549899101257324
        ]
    },
    "3": {
        "loc": [
            77.47999572753906,
            4.829999923706055
        ],
        "stop_line_A": [
            79.13190460205078,
            0.35780489444732666
        ],
        "stop_line_B": [
            79.13294219970703,
            3.557804584503174
        ]
    },
    "4": {
        "loc": [
            167.75,
            -4.429990291595459
        ],
        "stop_line_A": [
            168.5405731201172,
            -0.4430133104324341
        ],
        "stop_line_B": [
            168.54090881347656,
            -3.6430134773254395
        ]
    },
    "5": {
        "loc": [
            160.67999267578125,
            12.559999465942383
        ],
        "stop_line_A": [
            156.4660186767578,
            11.444936752319336
        ],
        "stop_line_B": [
            159.66603088378906,
            11.448823928833008
        ]
    },
    "6": {
        "loc": [
            143.1199951171875,
            4.830009460449219
        ],
        "stop_line_A": [
            144.5614471435547,
            0.3544272184371948
        ],
        "stop_line_B": [
            144.5611114501953,
            3.554427146911621
        ]
    },
    "7": {
        "loc": [
            341.2500305175781,
            209.09996032714844
        ],
        "stop_line_A": [
            337.1734313964844,
            209.4180908203125
        ],
        "stop_line_B": [
            340.3734436035156,
            209.42001342773438
        ]
    },
    "8": {
        "loc": [
            323.41009521484375,
            202.0300750732422
        ],
        "stop_line_A": [
            325.32049560546875,
            197.55906677246094
        ],
        "stop_line_B": [
            325.32025146484375,
            200.7590789794922
        ]
    },
    "9": {
        "loc": [
            331.9900207519531,
            184.47003173828125
        ],
        "stop_line_A": [
            336.3878173828125,
            185.61221313476562
        ],
        "stop_line_B": [
            333.18780517578125,
            185.61029052734375
        ]
    },
    "10": {
        "loc": [
            341.2500305175781,
            143.55995178222656
        ],
        "stop_line_A": [
            337.2128601074219,
            144.11814880371094
        ],
        "stop_line_B": [
            340.4128723144531,
            144.1200714111328
        ]
    },
    "11": {
        "loc": [
            321.68011474609375,
            136.1321563720703
        ],
        "stop_line_A": [
            325.38897705078125,
            131.9149627685547
        ],
        "stop_line_B": [
            325.3875732421875,
            135.11497497558594
        ]
    },
    "12": {
        "loc": [
            331.9900207519531,
            118.93003845214844
        ],
        "stop_line_A": [
            336.4270935058594,
            120.55931854248047
        ],
        "stop_line_B": [
            333.2270812988281,
            120.55738067626953
        ]
    },
    "13": {
        "loc": [
            341.2500305175781,
            69.50995635986328
        ],
        "stop_line_A": [
            337.25799560546875,
            69.39044189453125
        ],
        "stop_line_B": [
            340.4580078125,
            69.39237976074219
        ]
    },
    "14": {
        "loc": [
            348.42999267578125,
            -4.479960918426514
        ],
        "stop_line_A": [
            348.3912658691406,
            -0.3992302417755127
        ],
        "stop_line_B": [
            348.3929748535156,
            -3.5992298126220703
        ]
    },
    "15": {
        "loc": [
            341.3599853515625,
            12.710039138793945
        ],
        "stop_line_A": [
            337.2933044433594,
            10.951140403747559
        ],
        "stop_line_B": [
            340.4933166503906,
            10.95307445526123
        ]
    },
    "16": {
        "loc": [
            321.7601013183594,
            62.4400749206543
        ],
        "stop_line_A": [
            324.8781433105469,
            57.871429443359375
        ],
        "stop_line_B": [
            324.8785095214844,
            61.07142639160156
        ]
    },
    "17": {
        "loc": [
            331.9900207519531,
            44.88003921508789
        ],
        "stop_line_A": [
            336.4721374511719,
            45.998870849609375
        ],
        "stop_line_B": [
            333.2721252441406,
            45.99694061279297
        ]
    },
    "18": {
        "loc": [
            144.2400360107422,
            62.28999710083008
        ],
        "stop_line_A": [
            144.83877563476562,
            57.893367767333984
        ],
        "stop_line_B": [
            144.83917236328125,
            61.09336471557617
        ]
    },
    "19": {
        "loc": [
            151.30995178222656,
            45.30007553100586
        ],
        "stop_line_A": [
            155.62399291992188,
            46.050315856933594
        ],
        "stop_line_B": [
            152.42398071289062,
            46.04643249511719
        ]
    },
    "20": {
        "loc": [
            168.8699951171875,
            53.03003692626953
        ],
        "stop_line_A": [
            167.5791015625,
            57.09059524536133
        ],
        "stop_line_B": [
            167.57870483398438,
            53.89059829711914
        ]
    },
    "21": {
        "loc": [
            324.9700012207031,
            333.3399658203125
        ],
        "stop_line_A": [
            325.49786376953125,
            329.0099792480469
        ],
        "stop_line_B": [
            325.49786376953125,
            332.2099914550781
        ]
    },
    "22": {
        "loc": [
            85.72998809814453,
            185.2899932861328
        ],
        "stop_line_A": [
            89.9983139038086,
            186.2558135986328
        ],
        "stop_line_B": [
            86.7983169555664,
            186.2563018798828
        ]
    },
    "23": {
        "loc": [
            332.0399475097656,
            316.35009765625
        ],
        "stop_line_A": [
            336.3083190917969,
            317.23358154296875
        ],
        "stop_line_B": [
            333.1083068847656,
            317.23162841796875
        ]
    },
    "24": {
        "loc": [
            102.71998596191406,
            192.5500030517578
        ],
        "stop_line_A": [
            101.56295776367188,
            196.74090576171875
        ],
        "stop_line_B": [
            101.56321716308594,
            193.5408935546875
        ]
    },
    "25": {
        "loc": [
            349.6000061035156,
            324.080078125
        ],
        "stop_line_A": [
            347.8963623046875,
            328.2099914550781
        ],
        "stop_line_B": [
            347.8963623046875,
            325.0099792480469
        ]
    },
    "26": {
        "loc": [
            94.9899673461914,
            209.9199981689453
        ],