{
    "0": {
        "loc": [
            -31.636356353759766,
            33.58928680419922
        ],
        "stop_line_A": [
            -63.1769905055656,
            29.785158690578996
        ],
        "stop_line_B": [
            -63.076990505565604,
            22.88515869057899
        ]
    },
    "1": {
        "loc": [
            -62.09930419921875,
            123.75550842285156
        ],
        "stop_line_A": [
            -28.976990505565595,
            135.08515869057896
        ],
        "stop_line_B": [
            -28.976990505565595,
            128.38515869057898
        ]
    },
    "2": {
        "loc": [
            -58.71535873413086,
            145.82456970214844
        ],
        "stop_line_A": [
            -53.8769905055656,
            115.18515869057897
        ],
        "stop_line_B": [
            -46.77699050556561,
            115.285158690579
        ]
    },
    "3": {
        "loc": [
            -119.2381820678711,
            19.00446891784668
        ],
        "stop_line_A": [
            -115.5769905055656,
            -0.41484130942102126
        ],
        "stop_line_B": [
            -108.4769905055656,
            -0.31484130942101274
        ]
    },
    "4": {
        "loc": [
            -94.92822265625,
            20.334821701049805
        ],
        "stop_line_A": [
            -109.1769905055656,
            42.285158690578996
        ],
        "stop_line_B": [
            -102.1769905055656,
            42.285158690578996
        ]
    },
    "5": {
        "loc": [
            -62.35206985473633,
            20.196908950805664
        ],
        "stop_line_A": [
            -54.076990505565604,
            -0.31484130942101274
        ],
        "stop_line_B": [
            -47.27699050556561,
            -0.31484130942101274
        ]
    },
    "6": {
        "loc": [
            -31.93084144592285,
            20.30195426940918
        ],
        "stop_line_A": [
            -46.976990505565595,
            40.68515869057897
        ],
        "stop_line_B": [
            -39.8769905055656,
            40.38515869057899
        ]
    },
    "7": {
        "loc": [
            89.79188537597656,
            20.92214584350586
        ],
        "stop_line_A": [
            97.6230094944344,
            -1.9148413094210213
        ],
        "stop_line_B": [
            104.6230094944344,
            -1.9148413094210213
        ]
    },
    "8": {
        "loc": [
            -34.449153900146484,
            -51.02048873901367
        ],
        "stop_line_A": [
            -46.8769905055656,
            -45.014841309421016
        ],
        "stop_line_B": [
            -40.1769905055656,
            -45.014841309421016
        ]
    },
    "9": {
        "loc": [
            -46.17157745361328,
            -73.5566177368164
        ],
        "stop_line_A": [
            -27.8769905055656,
            -63.514841309421016
        ],
        "stop_line_B": [
            -27.976990505565595,
            -70.11484130942102
        ]
    },
    "10": {
        "loc": [
            115.4498291015625,
            35.044944763183594
        ],
        "stop_line_A": [
            84.42300949443441,
            30.08515869057898
        ],
        "stop_line_B": [
            84.5230094944344,
            23.08515869057898
        ]
    },
    "11": {
        "loc": [
            -119.23003387451172,
            5.093152046203613
        ],
        "stop_line_A": [
            -90.3769905055656,
            17.985158690578984
        ],
        "stop_line_B": [
            -90.3769905055656,
            11.185158690578987
        ]
    },
    "12": {
        "loc": [
            -64.26419067382812,
            7.063309192657471
        ],
        "stop_line_A": [
            -30.8769905055656,
            18.185158690578987
        ],
        "stop_line_B": [
            -30.8769905055656,
            11.285158690578982
        ]
    },
    "13": {
        "loc": [
            -59.24224853515625,
            -51.49837112426758
        ],
        "stop_line_A": [
            -65.8769905055656,
            -56.514841309421016
        ],
        "stop_line_B": [
            -65.7769905055656,
            -63.31484130942101
        ]
    },
    "14": {
        "loc": [
            114.45188903808594,
            21.196002960205078
        ],
        "stop_line_A": [
            104.32300949443439,
            40.68515869057897
        ],
        "stop_line_B": [
            111.1230094944344,
            40.68515869057897
        ]
    },
    "15": {
        "loc": [
            -1,
            -1
        ],
        "stop_line_A": [
            -27.476990505565595,
            67.58515869057898
        ],
        "stop_line_B": [
            -27.576990505565604,
            64.48515869057898
        ]
    },
    "16": {
        "loc": [
            -1,
            -1
        ],
        "stop_line_A": [
            30.42300949443441,
            71.48515869057898
        ],
        "stop_line_B": [
            30.42300949443441,
            67.785158690579
        ]
    },
    "17": {
        "loc": [
            -1,
            -1
        ],
        "stop_line_A": [
            38.72300949443439,
            56.285158690578996
        ],
        "stop_line_B": [
            42.1230094944344,
            56.485158690578984
        ]
    },
    "18": {
        "loc": [
            -1,
            -1
        ],
        "stop_line_A": [
            55.32300949443439,
            67.88515869057899
        ],
        "stop_line_B": [
            55.32300949443439,
            64.48515869057898
        ]
    },
    "19": {
        "loc": [
            -1,
            -1
        ],
        "stop_line_A": [
            42.1230094944344,
            37.485158690578984
        ],
        "stop_line_B": [
            45.6230094944344,
            37.58515869057898
        ]
    },
    "20": {
        "loc": [
            -1,
            -1
        ],
        "stop_line_A": [
            88.7230094944344,
            71.48515869057898
        ],
        "stop_line_B": [
            88.5230094944344,
            68.18515869057897
        ]
    }
}