{
    "0": {
        "loc": [
            -0.8199999928474426,
            202.51998901367188
        ],
        "stop_line_A": [
            -5.051572322845459,
            199.36514282226562
        ],
        "stop_line_B": [
            -1.8515723943710327,
            199.36441040039062
        ]
    },
    "1": {
        "loc": [
            32.06000900268555,
            309.4100036621094
        ],
        "stop_line_A": [
            34.61476516723633,
            304.9395446777344
        ],
        "stop_line_B": [
            34.616947174072266,
            308.1395568847656
        ]
    },
    "2": {
        "loc": [
            39.1299934387207,
            289.5299987792969
        ],
        "stop_line_A": [
            43.459224700927734,
            295.6902160644531
        ],
        "stop_line_B": [
            40.25922775268555,
            295.6905212402344
        ]
    },
    "3": {
        "loc": [
            56.69001388549805,
            299.98931884765625
        ],
        "stop_line_A": [
            53.12820816040039,
            304.13153076171875
        ],
        "stop_line_B": [
            53.12929153442383,
            300.9315185546875
        ]
    },
    "4": {
        "loc": [
            39.27000045776367,
            227.12998962402344
        ],
        "stop_line_A": [
            43.45329666137695,
            227.4279022216797
        ],
        "stop_line_B": [
            40.253299713134766,
            227.4281768798828
        ]
    },
    "5": {
        "loc": [
            56.2599983215332,
            234.1999969482422
        ],
        "stop_line_A": [
            55.13252639770508,
            238.47703552246094
        ],
        "stop_line_B": [
            55.13447189331055,
            235.2770233154297
        ]
    },
    "6": {
        "loc": [
            48.529998779296875,
            251.75999450683594
        ],
        "stop_line_A": [
            44.255096435546875,
            248.1478729248047
        ],
        "stop_line_B": [
            47.45509338378906,
            248.14759826660156
        ]
    },
    "7": {
        "loc": [
            -10.079999923706055,
            177.88999938964844
        ],
        "stop_line_A": [
            -5.855676651000977,
            181.18911743164062
        ],
        "stop_line_B": [
            -9.055676460266113,
            181.18984985351562
        ]
    },
    "8": {
        "loc": [
            6.909999847412109,
            184.95999145507812
        ],
        "stop_line_A": [
            3.563886880874634,
            189.1538848876953
        ],
        "stop_line_B": [
            3.5653536319732666,
            185.95387268066406
        ]
    },
    "9": {
        "loc": [
            196.21002197265625,
            250.81002807617188
        ],
        "stop_line_A": [
            192.0994873046875,
            248.47459411621094
        ],
        "stop_line_B": [
            195.29949951171875,
            248.47386169433594
        ]
    },
    "10": {
        "loc": [
            179.2200164794922,
            243.7399139404297
        ],
        "stop_line_A": [
            182.4576873779297,
            239.35435485839844
        ],
        "stop_line_B": [
            182.4557342529297,
            242.5543670654297
        ]
    },
    "11": {
        "loc": [
            186.95005798339844,
            226.1799774169922
        ],
        "stop_line_A": [
            191.2952880859375,
            229.87722778320312
        ],
        "stop_line_B": [
            188.09527587890625,
            229.87796020507812
        ]
    },
    "12": {
        "loc": [
            196.21002197265625,
            201.40003967285156
        ],
        "stop_line_A": [
            192.08836364746094,
            199.28892517089844
        ],
        "stop_line_B": [
            195.2883758544922,
            199.28819274902344
        ]
    },
    "13": {
        "loc": [
            186.95005798339844,
            176.7699737548828
        ],
        "stop_line_A": [
            191.28421020507812,
            180.8742218017578
        ],
        "stop_line_B": [
            188.08419799804688,
            180.8749542236328
        ]
    },
    "14": {
        "loc": [
            58.05000686645508,
            185.0299835205078
        ],
        "stop_line_A": [
            52.88206481933594,
            189.17648315429688
        ],
        "stop_line_B": [
            52.88352966308594,
            185.97647094726562
        ]
    },
    "15": {
        "loc": [
            48.51997756958008,
            203.2799530029297
        ],
        "stop_line_A": [
            44.250858306884766,
            199.2939910888672
        ],
        "stop_line_B": [
            47.45085525512695,
            199.29371643066406
        ]
    },
    "16": {
        "loc": [
            30.959989547729492,
            194.2899627685547
        ],
        "stop_line_A": [
            34.69194412231445,
            189.9681396484375
        ],
        "stop_line_B": [
            34.69047927856445,
            193.16815185546875
        ]
    },
    "17": {
        "loc": [
            146.0,
            184.82997131347656
        ],
        "stop_line_A": [
            145.53353881835938,
            189.2189483642578
        ],
        "stop_line_B": [
            145.53500366210938,
            186.01893615722656
        ]
    },
    "18": {
        "loc": [
            138.9299774169922,
            201.81996154785156
        ],
        "stop_line_A": [
            134.55014038085938,
            199.3280792236328
        ],
        "stop_line_B": [
            137.75015258789062,
            199.33131408691406
        ]
    },
    "19": {
        "loc": [
            121.36998748779297,
            194.08995056152344
        ],
        "stop_line_A": [
            123.08348083496094,
            190.00865173339844
        ],
        "stop_line_B": [
            123.08201599121094,
            193.2086639404297
        ]
    },
    "20": {
        "loc": [
            122.4800033569336,
            243.81698608398438
        ],
        "stop_line_A": [
            124.58251190185547,
            239.31919860839844
        ],
        "stop_line_B": [
            124.58057403564453,
            242.5192108154297
        ]
    },
    "21": {
        "loc": [
            129.5500030517578,
            226.55999755859375
        ],
        "stop_line_A": [
            133.7193603515625,
            229.6942596435547
        ],
        "stop_line_B": [
            130.51934814453125,
            229.69102478027344
        ]
    },
    "22": {
        "loc": [
            147.11001586914062,
            234.22210693359375
        ],
        "stop_line_A": [
            143.20037841796875,
            238.530517578125
        ],
        "stop_line_B": [
            143.20233154296875,
            235.33050537109375
        ]
    },
    "23": {
        "loc": [
            179.2200164794922,
            194.3299102783203
        ],
        "stop_line_A": [
            180.0079714545873,
            189.7535943579217
        ],
        "stop_line_B": [
            180.0079714545873,
            193.7535943579217
        ]
    }
}