{
    "0": {
        "loc": [
            -97.69037628173828,
            -8.776089668273926
        ],
        "stop_line_A": [
            -67.38461705351597,
            -4.862153789970023
        ],
        "stop_line_B": [
            -67.38461705351597,
            -1.2621537899700002
        ]
    },
    "1": {
        "loc": [
            -65.10157775878906,
            5.690177917480469
        ],
        "stop_line_A": [
            -95.88461705351597,
            -1.2621537899700002
        ],
        "stop_line_B": [
            -95.88461705351597,
            2.3378462100299657
        ]
    },
    "2": {
        "loc": [
            -12.016108512878418,
            -147.885498046875
        ],
        "stop_line_A": [
            16.915382946484044,
            -136.36215378997002
        ],
        "stop_line_B": [
            16.915382946484044,
            -143.56215378997
        ]
    },
    "3": {
        "loc": [
            -11.506108283996582,
            -125.10550689697266
        ],
        "stop_line_A": [
            -5.68461705351595,
            -146.86215378997002
        ],
        "stop_line_B": [
            1.5153829464840385,
            -146.86215378997002
        ]
    },
    "4": {
        "loc": [
            16.628286361694336,
            -146.75592041015625
        ],
        "stop_line_A": [
            4.415382946484044,
            -126.06215378997001
        ],
        "stop_line_B": [
            11.115382946484033,
            -125.86215378997002
        ]
    },
    "5": {
        "loc": [
            71.63497161865234,
            -213.64955139160156
        ],
        "stop_line_A": [
            94.71538294648403,
            -200.56215378997
        ],
        "stop_line_B": [
            94.91538294648402,
            -207.46215378997002
        ]
    },
    "6": {
        "loc": [
            95.5320816040039,
            -214.19207763671875
        ],
        "stop_line_A": [
            84.31538294648405,
            -185.16215378997
        ],
        "stop_line_B": [
            91.51538294648404,
            -184.96215378997002
        ]
    },
    "7": {
        "loc": [
            163.67678833007812,
            -216.69390869140625
        ],
        "stop_line_A": [
            152.81538294648405,
            -185.16215378997
        ],
        "stop_line_B": [
            160.51538294648404,
            -186.96215378997002
        ]
    },
    "8": {
        "loc": [
            167.35159301757812,
            -187.16395568847656
        ],
        "stop_line_A": [
            143.01538294648404,
            -195.66215378997
        ],
        "stop_line_B": [
            142.81538294648405,
            -188.66215378997
        ]
    },
    "9": {
        "loc": [
            73.22235870361328,
            -123.29286193847656
        ],
        "stop_line_A": [
            75.51538294648404,
            -145.26215378997
        ],
        "stop_line_B": [
            83.91538294648402,
            -144.96215378997002
        ]
    },
    "10": {
        "loc": [
            95.87964630126953,
            -124.72196197509766
        ],
        "stop_line_A": [
            72.81538294648405,
            -134.86215378997002
        ],
        "stop_line_B": [
            72.61538294648406,
            -127.16215378997
        ]
    },
    "11": {
        "loc": [
            143.33726501464844,
            -121.52120971679688
        ],
        "stop_line_A": [
            144.71538294648403,
            -145.16215378997
        ],
        "stop_line_B": [
            152.21538294648403,
            -145.16215378997
        ]
    },
    "12": {
        "loc": [
            162.859375,
            -145.38931274414062
        ],
        "stop_line_A": [
            151.91538294648402,
            -121.26215378997
        ],
        "stop_line_B": [
            158.81538294648405,
            -121.06215378997001
        ]
    },
    "13": {
        "loc": [
            -94.0577163696289,
            28.359628677368164
        ],
        "stop_line_A": [
            -92.98461705351596,
            -8.26215378997
        ],
        "stop_line_B": [
            -82.98461705351596,
            -8.162153789970034
        ]
    },
    "14": {
        "loc": [
            -66.78717803955078,
            142.75335693359375
        ],
        "stop_line_A": [
            -95.78461705351596,
            134.23784621003
        ],
        "stop_line_B": [
            -95.78461705351596,
            142.43784621003
        ]
    },
    "15": {
        "loc": [
            -93.98273468017578,
            145.85897827148438
        ],
        "stop_line_A": [
            -92.48461705351596,
            122.73784621003
        ],
        "stop_line_B": [
            -82.78461705351597,
            122.63784621002998
        ]
    },
    "16": {
        "loc": [
            -68.34632873535156,
            -12.373791694641113
        ],
        "stop_line_A": [
            -79.58461705351596,
            13.937846210029988
        ],
        "stop_line_B": [
            -72.68461705351595,
            8.837846210029966
        ]
    },
    "17": {
        "loc": [
            20.463359832763672,
            -187.89517211914062
        ],
        "stop_line_A": [
            -11.584617053515956,
            -199.56215378997
        ],
        "stop_line_B": [
            -11.884617053515967,
            -192.26215378997
        ]
    },
    "18": {
        "loc": [
            224.50999450683594,
            80.86000061035156
        ],
        "stop_line_A": [
            226.21538294648403,
            43.93784621002999
        ],
        "stop_line_B": [
            235.61538294648406,
            44.837846210029966
        ]
    },
    "19": {
        "loc": [
            -18.010000228881836,
            123.13999938964844
        ],
        "stop_line_A": [
            12.81538294648405,
            124.93784621002999
        ],
        "stop_line_B": [
            13.615382946484033,
            132.63784621002998
        ]
    },
    "20": {
        "loc": [
            10.34000015258789,
            119.07999420166016
        ],
        "stop_line_A": [
            0.31538294648404985,
            143.03784621003
        ],
        "stop_line_B": [
            11.415382946484044,
            142.83784621002997
        ]
    },
    "21": {
        "loc": [
            -15.199999809265137,
            143.45999145507812
        ],
        "stop_line_A": [
            -14.584617053515956,
            122.13784621002998
        ],
        "stop_line_B": [
            -4.284617053515973,
            122.33784621002997
        ]
    },
    "22": {
        "loc": [
            248.72999572753906,
            73.43999481201172
        ],
        "stop_line_A": [
            221.61538294648406,
            60.43784621002999
        ],
        "stop_line_B": [
            221.41538294648402,
            71.13784621002998
        ]
    },
    "23": {
        "loc": [
            249.39999389648438,
            46.06999969482422
        ],
        "stop_line_A": [
            238.31538294648405,
            78.23784621003
        ],
        "stop_line_B": [
            247.91538294648402,
            76.63784621002998
        ]
    },
    "24": {
        "loc": [
            -96.88732147216797,
            124.37127685546875
        ],
        "stop_line_A": [
            -66.18461705351595,
            133.73784621003
        ],
        "stop_line_B": [
            -64.98461705351596,
            126.13784621002998
        ]
    },
    "25": {
        "loc": [
            -158.03012084960938,
            7.034164905548096
        ],
        "stop_line_A": [
            -155.38461705351597,
            -8.462153789969989
        ],
        "stop_line_B": [
            -147.28461705351594,
            -8.562153789970012
        ]
    },