{
    "0": {
        "loc": [
            58.46293640136719,
            56.45960235595703
        ],
        "stop_line_A": [
            72.19703438562482,
            56.853657260809086
        ],
        "stop_line_B": [
            69.69703438562482,
            53.95365726080911
        ]
    },
    "1": {
        "loc": [
            66.5439682006836,
            51.59345626831055
        ],
        "stop_line_A": [
            70.59517669677734,
            68.10246276855469
        ],
        "stop_line_B": [
            73.04015350341797,
            67.34373474121094
        ]
    },
    "2": {
        "loc": [
            2.282979965209961,
            -12.73878288269043
        ],
        "stop_line_A": [
            -3.802965614375154,
            5.353657260809086
        ],
        "stop_line_B": [
            0.6970343856248178,
            5.353657260809086
        ]
    },
    "3": {
        "loc": [
            62.72217559814453,
            -9.219575881958008
        ],
        "stop_line_A": [
            73.3925552368164,
            3.4698448181152344
        ],
        "stop_line_B": [
            75.04523468017578,
            1.2096072435379028
        ]
    },
    "4": {
        "loc": [
            -95.46536254882812,
            61.83940887451172
        ],
        "stop_line_A": [
            -111.12117004394531,
            51.02558517456055
        ],
        "stop_line_B": [
            -111.14268493652344,
            53.505489349365234
        ]
    },
    "5": {
        "loc": [
            -93.3233871459961,
            47.389163970947266
        ],
        "stop_line_A": [
            -102.09837341308594,
            63.13371276855469
        ],
        "stop_line_B": [
            -99.30888366699219,
            63.367042541503906
        ]
    },
    "6": {
        "loc": [
            5.905204772949219,
            5.830499172210693
        ],
        "stop_line_A": [
            -12.70296561437516,
            1.8536572608090864
        ],
        "stop_line_B": [
            -12.602965614375165,
            -1.7463427391909363
        ]
    },
    "7": {
        "loc": [
            68.92575073242188,
            9.891550064086914
        ],
        "stop_line_A": [
            59.89703438562486,
            -1.2463427391909363
        ],
        "stop_line_B": [
            59.59703438562485,
            2.2536572608090637
        ]
    },
    "8": {
        "loc": [
            55.76798629760742,
            6.429357528686523
        ],
        "stop_line_A": [
            69.99703438562483,
            -6.746342739190936
        ],
        "stop_line_B": [
            66.99703438562483,
            -7.946342739190925
        ]
    },
    "9": {
        "loc": [
            -108.0387954711914,
            57.18074035644531
        ],
        "stop_line_A": [
            -104.90296561437515,
            44.553657260809075
        ],
        "stop_line_B": [
            -101.80296561437515,
            44.6536572608091
        ]
    },
    "10": {
        "loc": [
            -12.221657752990723,
            6.759151458740234
        ],
        "stop_line_A": [
            -3.7029656143751595,
            -8.446342739190925
        ],
        "stop_line_B": [
            -7.7029656143751595,
            -8.446342739190925
        ]
    },
    "11": {
        "loc": [
            4.459060192108154,
            -246.49658203125
        ],
        "stop_line_A": [
            -2.002965614375171,
            -230.94634273919092
        ],
        "stop_line_B": [
            1.6970343856248178,
            -231.1463427391909
        ]
    },
    "12": {
        "loc": [
            4.905556678771973,
            -229.97024536132812
        ],
        "stop_line_A": [
            -13.70296561437516,
            -241.8463427391909
        ],
        "stop_line_B": [
            -14.50296561437517,
            -238.7463427391909
        ]
    },
    "13": {
        "loc": [
            6.357300758361816,
            -246.3402557373047
        ],
        "stop_line_A": [
            12.79703438562484,
            -239.7463427391909
        ],
        "stop_line_B": [
            13.79703438562484,
            -242.94634273919092
        ]
    },
    "14": {
        "loc": [
            75.36053466796875,
            61.765682220458984
        ],
        "stop_line_A": [
            59.98591995239258,
            62.33258819580078
        ],
        "stop_line_B": [
            60.51047134399414,
            65.08301544189453
        ]
    },
    "15": {
        "loc": [
            -10.937335968017578,
            -10.13477897644043
        ],
        "stop_line_A": [
            5.097034385624852,
            -1.7463427391909363
        ],
        "stop_line_B": [
            5.2970343856248405,
            -8.54634273919089
        ]
    },
    "16": {
        "loc": [
            -109.41633605957031,
            44.40841293334961
        ],
        "stop_line_A": [
            -95.50296561437517,
            55.053657260809075
        ],
        "stop_line_B": [
            -95.30296561437515,
            51.1536572608091
        ]
    },
    "17": {
        "loc": [
            -1,
            -1
        ],
        "stop_line_A": [
            -191.90296561437515,
            -164.6463427391909
        ],
        "stop_line_B": [
            -192.00296561437517,
            -161.1463427391909
        ]
    },
    "18": {
        "loc": [
            -1,
            -1
        ],
        "stop_line_A": [
            -194.20296561437516,
            -39.04634273919089
        ],
        "stop_line_B": [
            -194.30296561437515,
            -34.946342739190925
        ]
    },
    "19": {
        "loc": [
            -1,
            -1
        ],
        "stop_line_A": [
            -204.60296561437517,
            39.353657260809086
        ],
        "stop_line_B": [
            -201.50296561437517,
            39.1536572608091
        ]
    },
    "20": {
        "loc": [
            -1,
            -1
        ],
        "stop_line_A": [
            -197.80296561437515,
            58.45365726080911
        ],
        "stop_line_B": [
            -201.00296561437517,
            58.6536572608091
        ]
    },
    "21": {
        "loc": [
            -1,
            -1
        ],
        "stop_line_A": [
            -190.80296561437515,
            46.45365726080911
        ],
        "stop_line_B": [
            -191.00296561437517,
            49.6536572608091
        ]
    },
    "22": {
        "loc": [
            -1,
            -1
        ],
        "stop_line_A": [
            -111.40296561437515,
            108.25365726080906
        ],
        "stop_line_B": [
            -108.50296561437517,
            108.55365726080908
        ]
    },
    "23": {
        "loc": [
            -1,
            -1
        ],
        "stop_line_A": [
            2.697034385624818,
            60.45365726080911
        ],
        "stop_line_B": [
            2.997034385624829,
            57.253657260809064
        ]
    },
    "24": {
        "loc": [
            -1,
            -1
        ],
        "stop_line_A": [
            -7.402965614375148,
            51.253657260809064
        ],
        "stop_line_B": [
            -4.102965614375165,
            51.253657260809064
        ]
    },
    "25": {
        "loc": [
            -1,
            -1
        ],
        "stop_line_A": [
            -13.602965614375165,
            59.753657260809064
        ],
        "stop_line_B": [
            -13.602965614375165,
            62.95365726080911
        ]
    },
    "26": {
        "loc": [
            -1,
            -1
        ],
        "stop_line_A": [
            -104.30296561437515,
            -39.446342739190925
        ],
        "stop_line_B": [
            -101.20296561437516,
            -39.446342739190925
        ]
    },