{
    "0": {
        "loc": [
            -143.30999755859375,
            56.0099983215332
        ],
        "stop_line_A": [
            -148.82854583486937,
            40.065321721677634
        ],
        "stop_line_B": [
            -135.4285458348694,
            39.865321721677645
        ]
    },
    "1": {
        "loc": [
            138.08999633789062,
            -27.709999084472656
        ],
        "stop_line_A": [
            141.87145416513056,
            -11.234678278322349
        ],
        "stop_line_B": [
            128.5714541651306,
            -11.134678278322355
        ]
    },
    "2": {
        "loc": [
            15.710000038146973,
            230.47000122070312
        ],
        "stop_line_A": [
            3.771454165130592,
            255.86532172167765
        ],
        "stop_line_B": [
            14.97145416513058,
            256.3653217216777
        ]
    },
    "3": {
        "loc": [
            -14.559999465942383,
            254.9199981689453
        ],
        "stop_line_A": [
            -12.628545834869385,
            234.36532172167765
        ],
        "stop_line_B": [
            -0.9285458348693965,
            233.46532172167767
        ]
    },
    "4": {
        "loc": [
            677.5799560546875,
            125.20999908447266
        ],
        "stop_line_A": [
            655.8714541651306,
            162.86532172167765
        ],
        "stop_line_B": [
            673.6714541651305,
            163.86532172167765
        ]
    },
    "5": {
        "loc": [
            671.6199951171875,
            23.76999855041504
        ],
        "stop_line_A": [
            656.8714541651306,
            60.065321721677634
        ],
        "stop_line_B": [
            674.2714541651306,
            59.66532172167766
        ]
    },
    "6": {
        "loc": [
            0.6399999856948853,
            257.2799987792969
        ],
        "stop_line_A": [
            -14.628545834869385,
            252.66532172167766
        ],
        "stop_line_B": [
            -15.02854583486942,
            236.66532172167766
        ]
    },
    "7": {
        "loc": [
            143.1199951171875,
            -27.389999389648438
        ],
        "stop_line_A": [
            151.5714541651306,
            -10.634678278322355
        ],
        "stop_line_B": [
            152.0714541651306,
            -25.634678278322355
        ]
    },
    "8": {
        "loc": [
            676.9099731445312,
            153.84999084472656
        ],
        "stop_line_A": [
            646.1714541651305,
            154.66532172167766
        ],
        "stop_line_B": [
            646.9714541651307,
            136.46532172167767
        ]
    },
    "9": {
        "loc": [
            -152.75999450683594,
            56.56999969482422
        ],
        "stop_line_A": [
            -157.7285458348694,
            54.26532172167762
        ],
        "stop_line_B": [
            -157.7285458348694,
            40.065321721677634
        ]
    },
    "10": {
        "loc": [
            -1.7300000190734863,
            55.779998779296875
        ],
        "stop_line_A": [
            -24.128545834869385,
            54.66532172167766
        ],
        "stop_line_B": [
            -23.828545834869374,
            39.365321721677645
        ]
    },
    "11": {
        "loc": [
            14.880000114440918,
            130.0399932861328
        ],
        "stop_line_A": [
            2.371454165130615,
            158.26532172167762
        ],
        "stop_line_B": [
            12.97145416513058,
            157.86532172167765
        ]
    },
    "12": {
        "loc": [
            -1.3800195455551147,
            -26.82996368408203
        ],
        "stop_line_A": [
            24.371454165130615,
            -10.134678278322355
        ],
        "stop_line_B": [
            24.071454165130604,
            -25.334678278322343
        ]
    },
    "13": {
        "loc": [
            -17.110015869140625,
            -6.289995193481445
        ],
        "stop_line_A": [
            -14.728545834869408,
            -34.03467827832236
        ],
        "stop_line_B": [
            -3.028545834869419,
            -33.73467827832235
        ]
    },
    "14": {
        "loc": [
            13.929999351501465,
            36.540000915527344
        ],
        "stop_line_A": [
            -0.22854583486940783,
            63.16532172167766
        ],
        "stop_line_B": [
            11.47145416513058,
            62.96532172167767
        ]
    },
    "15": {
        "loc": [
            677.4199829101562,
            55.0
        ],
        "stop_line_A": [
            646.6714541651305,
            35.865321721677645
        ],
        "stop_line_B": [
            648.5714541651306,
            54.16532172167766
        ]
    },
    "16": {
        "loc": [
            -17.760000228881836,
            152.64999389648438
        ],
        "stop_line_A": [
            -14.128545834869385,
            123.46532172167767
        ],
        "stop_line_B": [
            -3.528545834869419,
            123.16532172167766
        ]
    },
    "17": {
        "loc": [
            14.329999923706055,
            -28.26999855041504
        ],
        "stop_line_A": [
            0.7714541651305922,
            0.06532172167763406
        ],
        "stop_line_B": [
            11.071454165130604,
            0.1653217216776568
        ]
    },
    "18": {
        "loc": [
            -17.84000015258789,
            58.0
        ],
        "stop_line_A": [
            -15.128545834869385,
            31.76532172167765
        ],
        "stop_line_B": [
            -3.9285458348693965,
            31.76532172167765
        ]
    }
}