{
    "0": {
        "loc": [
            -389.29998779296875,
            21.0
        ],
        "stop_line_A": [
            -386.6072778387198,
            -0.3564358905422864
        ],
        "stop_line_B": [
            -379.50727783871986,
            -0.7564358905422637
        ]
    },
    "1": {
        "loc": [
            319.6999816894531,
            -112.89999389648438
        ],
        "stop_line_A": [
            305.5927221612801,
            -119.85643589054229
        ],
        "stop_line_B": [
            305.4927221612802,
            -116.1564358905423
        ]
    },
    "2": {
        "loc": [
            305.54998779296875,
            -163.59999084472656
        ],
        "stop_line_A": [
            308.3927221612802,
            -180.3564358905423
        ],
        "stop_line_B": [
            312.79272216128015,
            -180.4564358905423
        ]
    },
    "3": {
        "loc": [
            306.3999938964844,
            -255.29998779296875
        ],
        "stop_line_A": [
            322.3927221612802,
            -248.45643589054228
        ],
        "stop_line_B": [
            322.4927221612802,
            -251.95643589054228
        ]
    },
    "4": {
        "loc": [
            306.0,
            -178.1999969482422
        ],
        "stop_line_A": [
            321.79272216128015,
            -170.75643589054226
        ],
        "stop_line_B": [
            321.79272216128015,
            -174.05643589054228
        ]
    },
    "5": {
        "loc": [
            319.04998779296875,
            -177.59999084472656
        ],
        "stop_line_A": [
            312.4927221612802,
            -161.25643589054226
        ],
        "stop_line_B": [
            316.69272216128013,
            -161.3564358905423
        ]
    },
    "6": {
        "loc": [
            319.6999816894531,
            -163.3000030517578
        ],
        "stop_line_A": [
            303.40875244140625,
            -170.32957458496094
        ],
        "stop_line_B": [
            303.392822265625,
            -167.5296173095703
        ]
    },
    "7": {
        "loc": [
            249.79995727539062,
            -314.70001220703125
        ],
        "stop_line_A": [
            266.2487487792969,
            -309.41455078125
        ],
        "stop_line_B": [
            266.2775573730469,
            -312.21441650390625
        ]
    },
    "8": {
        "loc": [
            261.6499938964844,
            -314.4499816894531
        ],
        "stop_line_A": [
            257.0927221612801,
            -302.2564358905423
        ],
        "stop_line_B": [
            260.5927221612801,
            -302.2564358905423
        ]
    },
    "9": {
        "loc": [
            249.79998779296875,
            -163.39999389648438
        ],
        "stop_line_A": [
            256.3607177734375,
            -180.62498474121094
        ],
        "stop_line_B": [
            253.5607452392578,
            -180.6336212158203
        ]
    },
    "10": {
        "loc": [
            263.9999694824219,
            -302.5500183105469
        ],
        "stop_line_A": [
            248.05592346191406,
            -308.90179443359375
        ],
        "stop_line_B": [
            248.02711486816406,
            -306.1019287109375
        ]
    },
    "11": {
        "loc": [
            53.44999694824219,
            -167.0500030517578
        ],
        "stop_line_A": [
            55.9927221612802,
            -179.9564358905423
        ],
        "stop_line_B": [
            60.09272216128011,
            -179.8564358905423
        ]
    },
    "12": {
        "loc": [
            53.44999694824219,
            -179.39999389648438
        ],
        "stop_line_A": [
            70.69272216128013,
            -175.3564358905423
        ],
        "stop_line_B": [
            70.79272216128015,
            -171.9564358905423
        ]
    },
    "13": {
        "loc": [
            68.54999542236328,
            -166.6999969482422
        ],
        "stop_line_A": [
            51.69272216128013,
            -171.75643589054226
        ],
        "stop_line_B": [
            51.59272216128011,
            -168.55643589054228
        ]
    },
    "14": {
        "loc": [
            120.54999542236328,
            -166.39999389648438
        ],
        "stop_line_A": [
            125.19272216128013,
            -180.6564358905423
        ],
        "stop_line_B": [
            129.0927221612801,
            -180.55643589054228
        ]
    },
    "15": {
        "loc": [
            121.94999694824219,
            -179.39999389648438
        ],
        "stop_line_A": [
            139.69272216128013,
            -171.4564358905423
        ],
        "stop_line_B": [
            139.5927221612801,
            -174.9564358905423
        ]
    },
    "16": {
        "loc": [
            135.64999389648438,
            -166.6999969482422
        ],
        "stop_line_A": [
            118.30165100097656,
            -171.3832244873047
        ],
        "stop_line_B": [
            118.28572082519531,
            -168.58326721191406
        ]
    },
    "17": {
        "loc": [
            343.04998779296875,
            -163.59999084472656
        ],
        "stop_line_A": [
            346.69272216128013,
            -177.8564358905423
        ],
        "stop_line_B": [
            350.29272216128015,
            -177.8564358905423
        ]
    },
    "18": {
        "loc": [
            197.0,
            -298.0
        ],
        "stop_line_A": [
            203.4534912109375,
            -320.58917236328125
        ],
        "stop_line_B": [
            200.65423583984375,
            -320.65338134765625
        ]
    },
    "19": {
        "loc": [
            193.09999084472656,
            -315.6999816894531
        ],
        "stop_line_A": [
            212.19272216128013,
            -309.0564358905423
        ],
        "stop_line_B": [
            211.9927221612802,
            -312.8564358905423
        ]
    },
    "20": {
        "loc": [
            -358.29998779296875,
            40.599998474121094
        ],
        "stop_line_A": [
            -386.50727783871986,
            38.8435641094577
        ],
        "stop_line_B": [
            -386.50727783871986,
            24.943564109457725
        ]
    },
    "21": {
        "loc": [
            211.29998779296875,
            -315.5
        ],
        "stop_line_A": [
            203.19272216128013,
            -298.95643589054225
        ],
        "stop_line_B": [
            207.0927221612801,
            -298.8564358905423
        ]
    },
    "22": {
        "loc": [
            -393.0,
            0.3999999761581421
        ],
        "stop_line_A": [
            -364.6072778387198,
            17.843564109457702
        ],
        "stop_line_B": [
            -364.70727783871985,
            3.843564109457702
        ]
    },
    "23": {
        "loc": [
            263.79998779296875,
            -178.0500030517578
        ],
        "stop_line_A": [
            256.99822998046875,
            -160.36407470703125
        ],
        "stop_line_B": [
            259.7982177734375,
            -160.35543823242188
        ]
    },
    "24": {
        "loc": [
            210.6999969482422,
            -302.5
        ],
        "stop_line_A": [
            194.39272216128018,
            -305.2564358905423
        ],
        "stop_line_B": [
            194.39272216128018,
            -309.2564358905423
        ]
    },
    "25": {
        "loc": [
            251.29998779296875,
            -115.19999694824219
        ],
        "stop_line_A": [
            252.29272216128015,
            -129.25643589054226
        ],
        "stop_line_B": [
            256.4927221612802,
            -129.25643589054226
        ]
    },
    "26": {
        "loc": [
            263.29998779296875,
            -163.3000030517578
        ],