{
    "Town10HD": {
        "min_x": -318.3769905055656,
        "min_y": -272.614841309421,
        "max_x": 313.72300949443445,
        "max_y": 344.985158690579
    },
    "Town05": {
        "min_x": -478.28278458620287,
        "min_y": -413.1460903293523,
        "max_x": 384.71721541379713,
        "max_y": 414.25390967064766
    },
    "Town03": {
        "min_x": -362.184617053516,
        "min_y": -416.46215378997,
        "max_x": 453.21538294648406,
        "max_y": 414.23784621003
    }
}